Name,Pos,Grade,Hometown,Year
A.J. Jordan,WR,Sophomore,"Dayton, Ohio",2013
Joel Stave,QB,Sophomore,"Greenfield, Wis.",2013
Kenzel Doe,WR,Junior,"Reidsville, N.C.",2013
Jared Abbrederis,WR,Senior,"Wautoma, Wis.",2013
Darius Hillary,CB,Sophomore,"Cincinnati, Ohio",2013
Corey Clement,RB,Freshman,"Glassboro, N.J.",2013
Alec James,OLB,Freshman,"Brookfield, Wis.",2013
Brett Arnold,WR,Senior,"Sherwood, Wis.",2013
Michael Caputo,S,Sophomore,"Imperial, Pa.",2013
Sojourn Shelton,CB,Freshman,"Fort Lauderdale, Fla.",2013
T.J. Watt,TE,Freshman,"Pewaukee, Wis.",2013
Jordan Fredrick,WR,Sophomore,"Madison, Wis.",2013
Devin Gaulden,CB,Junior,"Miramar, Fla.",2013
Curt Phillips,QB,Senior,"Kingsport, Tenn.",2013
Jazz Peavy,WR,Freshman,"Kenosha, Wis.",2013
T.J. Reynard,CB,Sophomore,"Virginia Beach, Va.",2013
Thad Armstrong,QB,Freshman,"Ottawa, Ill.",2013
Dezmen Southward,S,Senior,"Sunrise, Fla.",2013
Bart Houston,QB,Freshman,"Dublin, Calif.",2013
Conor O’Neill,ILB,Senior,"Delray Beach, Fla.",2013
Nate Hammon,S,Freshman,"Milton, Wis.",2013
Connor Senger,QB,Freshman,"Milwaukee, Wis.",2013
Jeff Duckworth,WR,Senior,"Cincinnati, Ohio",2013
Joe Ferguson,S,Freshman,"Madison, Wis.",2013
Reggie Love,WR,Sophomore,"Boynton Beach, Fla.",2013
Sherard Cadogan,OLB,Junior,"Washington Township, N.J.",2013
Tanner McEvoy,S,Sophomore,"Hillsdale, N.J.",2013
Lance Baretz,WR,Sophomore,"Franklin, Wis.",2013
Dare Ogunbowale,CB,Freshman,"Milwaukee, Wis.",2013
Leo Musso,S,Freshman,"Waunakee, Wis.",2013
James White,RB,Senior,"Fort Lauderdale, Fla.",2013
Peniel Jean,CB,Junior,"West Palm Beach, Fla.",2013
Jeffrey Lewis,RB,Junior,"Brookfield, Wis.",2013
Jakarrie Washington,CB,Freshman,"Everett, Mass.",2013
Vonte Jackson,RB,Freshman,"Kenosha, Wis.",2013
Jerry Ponio,S,Senior,"Chicago, Ill.",2013
Keelon Brookins,S,Freshman,"St. Paul, Minn.",2013
Melvin Gordon,RB,Sophomore,"Kenosha, Wis.",2013
Matt Johnson,S,Freshman,"Cedarburg, Wis.",2013
Derek Straus,FB,Sophomore,"Waunakee, Wis.",2013
Kyle Zuleger,S,Senior,"Appleton, Wis.",2013
Matt Hubley,S,Freshman,"Waukesha, Wis.",2013
Terrance Floyd,CB,Sophomore,"Boynton Beach, Fla.",2013
Derek Landisch,ILB,Junior,"Nashotah, Wis.",2013
Austin Ramesh,FB,Freshman,"Land O’ Lakes, Wis.",2013
Connor Cummins,WR,Junior,"Kettering, Ohio",2013
Hugs Etienne,CB,Freshman,"Fort Lauderdale, Fla.",2013
Leon Jacobs,OLB,Freshman,"San Pedro, Calif.",2013
Chikwe Obasih,DE,Freshman,"Brookfield, Wis.",2013
Derek Watt,FB,Sophomore,"Pewaukee, Wis.",2013
Ethan Armstrong,OLB,Senior,"Ottawa, Ill.",2013
D.J. Spurling,FB,Freshman,"Slinger, Wis.",2013
Andrew Endicott,K,Freshman,"Roseville, Calif.",2013
Kevin MacCudden,FB,Sophomore,"Waukesha, Wis.",2013
Eric Steffes,TE,Freshman,"Mount Calvary, Wis.",2013
Brady Kelliher,LS,Freshman,"Hartland, Wis.",2013
Troy Fumagalli,TE,Freshman,"Aurora, Ill.",2013
Jesse Hayes,OLB,Sophomore,"Cincinnati, Ohio",2013
Alex Walker,TE,Freshman,"Glendale, Wis.",2013
Michael Trotter,S,Junior,"Racine, Wis.",2013
Chris Borland,ILB,Senior,"Kettering, Ohio",2013
Warren Herring,NG,Junior,"Fairview Heights, Ill.",2013
Austin Traylor,TE,Sophomore,"Columbus, Ohio",2013
Vince Biegel,OLB,Freshman,"Wisconsin Rapids, Wis.",2013
Jack Cichy,ILB,Freshman,"Somerset, Wis.",2013
Jacob Pedersen,TE,Senior,"Menominee, Mich.",2013
Sam Arneson,TE,Junior,"Merrill, Wis.",2013
Josh Harrison,OLB,Junior,"Huber Heights, Ohio",2013
Tyler Dippel,DE,Senior,"Slinger, Wis.",2013
Carl Miller,ILB,Freshman,"Northbrook, Ill.",2013
Kyle Costigan,OL,Junior,"Wind Lake, Wis.",2013
Jake Rademacher,ILB,Freshman,"Wales, Wis.",2013
Trent Denlinger,OL,Freshman,"Cuba City, Wis.",2013
Garret Dooley,ILB,Freshman,"Rochester, Ill.",2013
James McGuire,LS,Junior,"St. Paul, Minn.",2013
Ben Ruechel,ILB,Junior,"Oconto, Wis.",2013
Jacob Ninneman,OL,Junior,"Oregon, Wis.",2013
Joe Schobert,OLB,Sophomore,"Waukesha, Wis.",2013
Marcus Trotter,ILB,Junior,"Racine, Wis.",2013
Matt Miller,OL,Freshman,"Maumee, Ohio",2013
Connor Udelhoven,LS,Freshman,"St. Paul, Minn.",2013
Tyler Marz,OL,Sophomore,"Springfield, Minn.",2013
Walker Williams,OL,Freshman,"Tacoma, Wash.",2013
Chris Gill,OL,Senior,"Appleton, Wis.",2013
Dan Voltz,OL,Freshman,"Barrington, Ill.",2013
Ray Ball,OL,Sophomore,"Columbus, Ohio",2013
Ben Hemer,OL,Freshman,"Medford, Wis.",2013
Dallas Lewallen,OL,Junior,"Berlin, Wis.",2013
Hayden Biegel,OL,Freshman,"Wisconsin Rapids, Wis.",2013
Zac Matthias,OL,Senior,"Hemlock, Mich.",2013
Aidan McNamara,OL,Freshman,"Madison, Wis.",2013
Bryce Gilbert,NG,Junior,"Brookfield, Wis.",2013
Jackson Keeler,OL,Freshman,"Barrington, Ill.",2013
Rob Havenstein,OL,Junior,"Mount Airy, Md.",2013
Ryan Groy,OL,Senior,"Middleton, Wis.",2013
Brock DeCicco,TE,Senior,"Jefferson Hills, Pa.",2013
Jake Stengel,WR,Sophomore,"Sheboygan, Wis.",2013
Robert Wheelwright,WR,Freshman,"Columbus, Ohio",2013
Austin Maly,TE,Sophomore,"Waunakee, Wis.",2013
Brian Wozniak,TE,Senior,"Loveland, Ohio",2013
Alex Erickson,WR,Freshman,"Darlington, Wis.",2013
Ethan Hemer,DE,Senior,"Medford, Wis.",2013
Marquis Mason,WR,Junior,"Madison, Wis.",2013
Drew Meyer,P,Sophomore,"Hartland, Wis.",2013
Brett Nethery,P,Freshman,"Greendale, Wis.",2013
Konrad Zagzebski,DE,Junior,"Weston, Wis.",2013
Pat Muldoon,DE,Senior,"Mason, Ohio",2013
Jake Keefer,DE,Sophomore,"Woodville, Wis.",2013
Kyle French,K,Junior,"Menomonee Falls, Wis.",2013
Logan Schmidt,DE,Freshman,"Gotham, Wis.",2013
Arthur Goldberg,NG,Freshman,"Mount Lebanon, Pa.",2013
Beau Allen,NG,Senior,"Minnetonka, Minn.",2013
Brendan Kelly,OLB,Senior,"Eden Prairie, Minn.",2013
Jack Russell,K,Sophomore,"Waunakee, Wis.",2013
Stephen Salata,K,Sophomore,"Buffalo Grove, Ill.",2013
James Adeyanju,DE,Sophomore,"Chicago, Ill.",2013
A.J. Jordan,S,Junior,"Dayton, Ohio",2014
Joel Stave,QB,Junior,"Greenfield, Wis.",2014
Kenzel Doe,WR,Senior,"Reidsville, N.C.",2014
Devin Gaulden,CB,Junior,"Miramar, Fla.",2014
Darius Hillary,CB,Junior,"Cincinnati, Ohio",2014
Tanner McEvoy,QB,Junior,"Hillsdale, N.J.",2014
Corey Clement,RB,Sophomore,"Glassboro, N.J.",2014
Alec James,DE,Freshman,"Brookfield, Wis.",2014
Michael Caputo,S,Junior,"Imperial, Pa.",2014
D.J. Gillins,QB,Freshman,"Jacksonville, Fla.",2014
Sojourn Shelton,CB,Sophomore,"Fort Lauderdale, Fla.",2014
Jordan Fredrick,WR,Junior,"Madison, Wis.",2014
Rafael Gaglianone,K,Freshman,"Sao Paulo, Brazil",2014
Krenwick Sanders,WR,Freshman,"Jesup, Ga.",2014
Jazz Peavy,WR,Freshman,"Kenosha, Wis.",2014
T.J. Reynard,CB,Junior,"Virginia Beach, Va.",2014
Thad Armstrong,QB,Sophomore,"Ottawa, Ill.",2014
Natrell Jamerson,WR,Freshman,"Ocala, Fla.",2014
Evan Bondoc,S,Freshman,"Madison, Wis.",2014
Bart Houston,QB,Sophomore,"Dublin, Calif.",2014
D'Cota Dixon,CB,Freshman,"Oak Hill, Fla.",2014
Connor Senger,QB,Freshman,"Milwaukee, Wis.",2014
Robert Wheelwright,WR,Sophomore,"Columbus, Ohio",2014
Reggie Love,WR,Sophomore,"Boynton Beach, Fla.",2014
Sherard Cadogan,OLB,Senior,"Washington Township, N.J.",2014
George Rushing,WR,Freshman,"Miramar, Fla.",2014
Lance Baretz,WR,Senior,"Franklin, Wis.",2014
Ryan Connelly,OLB,Freshman,"Eden Prairie, Minn.",2014
Leo Musso,S,Sophomore,"Waunakee, Wis.",2014
Austin Ramesh,FB,Freshman,"Land O’ Lakes, Wis.",2014
Peniel Jean,S,Senior,"West Palm Beach, Fla.",2014
Mark Saari,RB,Freshman,"Montreal, Wis.",2014
Chasen Andersen,ILB,Freshman,"Logan, Utah",2014
Caleb Kinlaw,RB,Freshman,"Goose Creek, S.C.",2014
Dare Ogunbowale,RB,Sophomore,"Milwaukee, Wis.",2014
Daniel Supernaw,S,Freshman,"Delavan, Wis.",2014
Keelon Brookins,OLB,Freshman,"St. Paul, Minn.",2014
John Damrow,TE,Freshman,"Delavan, Wis.",2014
Melvin Gordon,RB,Junior,"Kenosha, Wis.",2014
Derrick Tindal,CB,Freshman,"Fort Lauderdale, Fla.",2014
Derek Straus,FB,Junior,"Waunakee, Wis.",2014
Austin Hudson,S,Freshman,"Tampa, Fla.",2014
Taiwan Deal,RB,Freshman,"Capitol Heights, Md.",2014
Terrance Floyd,CB,Junior,"Boynton Beach, Fla.",2014
Derek Landisch,ILB,Senior,"Nashotah, Wis.",2014
Connor Cummins,WR,Senior,"Kettering, Ohio",2014
Lubern Figaro,S,Freshman,"Everett, Mass.",2014
Leon Jacobs,ILB,Sophomore,"San Pedro, Calif.",2014
Chikwe Obasih,DE,Freshman,"Brookfield, Wis.",2014
Derek Watt,FB,Junior,"Pewaukee, Wis.",2014
Joe Ferguson,S,Freshman,"Madison, Wis.",2014
D.J. Spurling,FB,Freshman,"Slinger, Wis.",2014
Andrew Endicott,K,Sophomore,"Roseville, Calif.",2014
Zander Neuville,LB,Freshman,"Waupaca, Wis.",2014
P.J. Rosowski,P,Freshman,"Stoughton, Wis.",2014
Brady Kelliher,DE,Freshman,"Hartland, Wis.",2014
Jesse Hayes,OLB,Junior,"Cincinnati, Ohio",2014
T.J. Watt,TE,Freshman,"Pewaukee, Wis.",2014
Peter Roy,WR,Freshman,"Muskego, Wis.",2014
Michael Trotter,ILB,Senior,"Racine, Wis.",2014
Eric Steffes,TE,Sophomore,"Mount Calvary, Wis.",2014
Warren Herring,NG,Senior,"Fairview Heights, Ill.",2014
Matt Austin,OLB,Freshman,"Fond du Lac, Wis.",2014
Austin Traylor,TE,Junior,"Columbus, Ohio",2014
Vince Biegel,OLB,Sophomore,"Wisconsin Rapids, Wis.",2014
Jack Cichy,OLB,Sophomore,"Somerset, Wis.",2014
Troy Fumagalli,TE,Freshman,"Aurora, Ill.",2014
Sam Arneson,TE,Senior,"Merrill, Wis.",2014
Justin Schweitzer,ILB,Freshman,"Silver Lake, Wis.",2014
Josh Harrison,OLB,Senior,"Huber Heights, Ohio",2014
Ashfott Fonjungo,DL,Freshman,"Lanham, Md.",2014
Jacob Maxwell,OL,Freshman,"Greendale, Wis.",2014
T.J. Edwards,OLB,Freshman,"Lake Villa, Ill.",2014
Kyle Costigan,OL,Senior,"Wind Lake, Wis.",2014
Trent Denlinger,OL,Sophomore,"Cuba City, Wis.",2014
Garret Dooley,DE,Freshman,"Rochester, Ill.",2014
James McGuire,LS,Senior,"St. Paul, Minn.",2014
Ben Ruechel,ILB,Senior,"Oconto, Wis.",2014
George Panos,OL,Freshman,"Hartland, Wis.",2014
Joe Schobert,OLB,Junior,"Waukesha, Wis.",2014
Marcus Trotter,ILB,Senior,"Racine, Wis.",2014
Connor Udelhoven,LS,Sophomore,"St. Paul, Minn.",2014
Tyler Marz,OL,Junior,"Springfield, Minn.",2014
Walker Williams,OL,Sophomore,"Tacoma, Wash.",2014
Michael Deiter,OL,Freshman,"Curtice, Ohio",2014
Brett Connors,OL,Freshman,"New Berlin, Wis.",2014
Beau Benzschawel,OL,Freshman,"Grafton, Wis.",2014
Jaden Gault,OL,Freshman,"Cottage Grove, Wis.",2014
Aidan McNamara,OL,Freshman,"Madison, Wis.",2014
Dan Voltz,OL,Sophomore,"Barrington, Ill.",2014
Ray Ball,OL,Junior,"Columbus, Ohio",2014
Ben Hemer,OL,Freshman,"Medford, Wis.",2014
Dallas Lewallen,OL,Senior,"Berlin, Wis.",2014
Hayden Biegel,OL,Freshman,"Wisconsin Rapids, Wis.",2014
Micah Kapoi,OL,Freshman,"Kapolei, Hawaii",2014
Logan Schmidt,OL,Sophomore,"Gotham, Wis.",2014
Rob Havenstein,OL,Senior,"Mount Airy, Md.",2014
Nicholas Holicek,WR,Freshman,"New Berlin, Wis.",2014
Jake Stengel,WR,Junior,"Sheboygan, Wis.",2014
Austin Maly,TE,Junior,"Waunakee, Wis.",2014
Alex Erickson,WR,Junior,"Darlington, Wis.",2014
Sam Eckert,TE,Freshman,"East Troy, Wis.",2014
Drew Meyer,P,Junior,"Hartland, Wis.",2014
Konrad Zagzebski,DE,Senior,"Weston, Wis.",2014
Jeremy Patterson,NG,Freshman,"Screven, Ga.",2014
Jake Keefer,DE,Junior,"Woodville, Wis.",2014
Conor Sheehy,DE,Freshman,"Milwaukee, Wis.",2014
Arthur Goldberg,NG,Sophomore,"Mount Lebanon, Pa.",2014
Billy Hirschfeld,DE,Freshman,"Okauchee, Wis.",2014
Jack Russell,K,Junior,"Waunakee, Wis.",2014
James Adeyanju,DE,Junior,"Chicago, Ill.",2014
Joel Stave,QB,Redshirt Senior,"Greenfield, Wis.",2015
Tanner McEvoy,S,Redshirt Senior,"Hillsdale, N.J.",2015
Darius Hillary,CB,Redshirt Senior,"Cincinnati, Ohio",2015
Corey Clement,RB,Junior,"Glassboro, N.J.",2015
Michael Caputo,S,Redshirt Senior,"Imperial, Pa.",2015
D.J. Gillins,QB,Redshirt Freshman,"Jacksonville, Fla.",2015
Sojourn Shelton,CB,Junior,"Fort Lauderdale, Fla.",2015
Titus Booker,CB,Freshman,"Round Lake Beach, Ill.",2015
Jordan Fredrick,WR,Redshirt Senior,"Madison, Wis.",2015
Rafael Gaglianone,K,Sophomore,"Sao Paulo, Brazil",2015
Jazz Peavy,WR,Redshirt Sophomore,"Kenosha, Wis.",2015
T.J. Reynard,CB,Senior,"Virginia Beach, Va.",2015
Alex Hornibrook,QB,Freshman,"West Chester, Pa.",2015
Natrell Jamerson,CB,Sophomore,"Ocala, Fla.",2015
Evan Bondoc,S,Redshirt Freshman,"Madison, Wis.",2015
Bart Houston,QB,Redshirt Junior,"Dublin, Calif.",2015
Thad Armstrong,QB,Redshirt Junior,"Ottawa, Ill.",2015
D'Cota Dixon,S,Sophomore,"Oak Hill, Fla.",2015
Robert Wheelwright,WR,Junior,"Columbus, Ohio",2015
Reggie Love,WR,Redshirt Junior,"Boynton Beach, Fla.",2015
Leo Musso,S,Redshirt Junior,"Waunakee, Wis.",2015
Austin Ramesh,FB,Redshirt Sophomore,"Land O’ Lakes, Wis.",2015
Arrington Farrar,S,Freshman,"Atlanta, Ga.",2015
Mark Saari,RB,Redshirt Freshman,"Montreal, Wis.",2015
Caleb Kinlaw,RB,Redshirt Freshman,"Goose Creek, S.C.",2015
Dare Ogunbowale,RB,Redshirt Junior,"Milwaukee, Wis.",2015
Keelon Brookins,ILB,Redshirt Sophomore,"St. Paul, Minn.",2015
Ricky Finco,WR,Sophomore,"Hartland, Wis.",2015
Derrick Tindal,CB,Sophomore,"Fort Lauderdale, Fla.",2015
Derek Straus,FB,Redshirt Senior,"Waunakee, Wis.",2015
Elijah Strong,CB,Freshman,"Oak Creek, Wis.",2015
Bradrick Shaw,RB,Freshman,"Birmingham, Ala.",2015
Taiwan Deal,RB,Redshirt Freshman,"Capitol Heights, Md.",2015
Terrance Floyd,CB,Redshirt Senior,"Boynton Beach, Fla.",2015
Max Praschak,OLB,Freshman,"Somerset, Wis.",2015
Serge Trezy,RB,Redshirt Junior,"Orlando, Fla.",2015
Jake Whalen,OLB,Freshman,"Wausau, Wis.",2015
Lubern Figaro,S,Sophomore,"Everett, Mass.",2015
Leon Jacobs,ILB,Junior,"San Pedro, Calif.",2015
Chikwe Obasih,DE,Redshirt Sophomore,"Brookfield, Wis.",2015
Derek Watt,FB,Redshirt Senior,"Pewaukee, Wis.",2015
Joe Ferguson,S,Redshirt Sophomore,"Madison, Wis.",2015
Troy Laufenberg,RB,Freshman,"Waunakee, Wis.",2015
Andrew Endicott,K,Junior,"Roseville, Calif.",2015
Bret Verstegen,S,Freshman,"Kimberly, Wis.",2015
John Damrow,TE,Redshirt Freshman,"Delavan, Wis.",2015
P.J. Rosowski,P,Redshirt Freshman,"Stoughton, Wis.",2015
Zach Hintze,K,Freshman,"Fond du Lac, Wis.",2015
Jesse Hayes,OLB,Redshirt Senior,"Cincinnati, Ohio",2015
Henry Houden,WR,Freshman,"Madison, Wis.",2015
T.J. Watt,OLB,Redshirt Sophomore,"Pewaukee, Wis.",2015
Ryan Connelly,ILB,Redshirt Freshman,"Eden Prairie, Minn.",2015
Peter Roy,WR,Redshirt Freshman,"Muskego, Wis.",2015
Eric Steffes,TE,Redshirt Junior,"Mount Calvary, Wis.",2015
Alec Ingold,RB,Freshman,"Green Bay, Wis.",2015
Nick Thomas,ILB,Freshman,"Bradenton, Fla.",2015
Austin Traylor,TE,Redshirt Senior,"Columbus, Ohio",2015
Vince Biegel,OLB,Redshirt Junior,"Wisconsin Rapids, Wis.",2015
Mitchell Herl,TE,Freshman,"Middleton, Wis.",2015
Jack Cichy,OLB,Redshirt Sophomore,"Somerset, Wis.",2015
Kyle Penniston,TE,Freshman,"Orange, Calif.",2015
Chris Orr,ILB,Freshman,"DeSoto, Texas",2015
Jacob Maxwell,OL,Redshirt Freshman,"Greendale, Wis.",2015
David Pfaff,DE,Freshman,"Mequon, Wis.",2015
T.J. Edwards,ILB,Redshirt Freshman,"Lake Villa, Ill.",2015
Ty DeForest,ILB,Freshman,"Marshall, Wis.",2015
Garret Dooley,OLB,Redshirt Sophomore,"Rochester, Ill.",2015
Zack Baun,OLB,Freshman,"Brown Deer, Wis.",2015
Alec James,DE,Redshirt Sophomore,"Brookfield, Wis.",2015
George Panos,OL,Redshirt Freshman,"Hartland, Wis.",2015
Joe Schobert,OLB,Senior,"Waukesha, Wis.",2015
Tyler Johnson,OLB,Freshman,"Menasha, Wis.",2015
Connor Udelhoven,LS,Redshirt Junior,"St. Paul, Minn.",2015
Tyler Marz,OL,Redshirt Senior,"Springfield, Minn.",2015
Walker Williams,OL,Redshirt Junior,"Tacoma, Wash.",2015
Michael Deiter,OL,Redshirt Freshman,"Curtice, Ohio",2015
Brett Connors,OL,Redshirt Freshman,"New Berlin, Wis.",2015
Ryan Ramczyk,OL,Junior,"Stevens Point, Wis.",2015
Olive Sagapolu,NT,Freshman,"Pago Pago, American Samoa",2015
Beau Benzschawel,OL,Redshirt Freshman,"Grafton, Wis.",2015
Kelly Thomas,DE,Freshman,"Racine, Wis.",2015
Jon Dietzen,OL,Freshman,"Black Creek, Wis.",2015
David Moorman,OL,Freshman,"Northville, Mich.",2015
Aidan McNamara,OL,Redshirt Sophomore,"Madison, Wis.",2015
Dan Voltz,OL,Redshirt Junior,"Barrington, Ill.",2015
Ray Ball,OL,Redshirt Senior,"Columbus, Ohio",2015
Kevin Estes,OL,Freshman,"San Marcos, Calif.",2015
Hayden Biegel,OL,Redshirt Sophomore,"Wisconsin Rapids, Wis.",2015
Gunnar Roberge,NT,Freshman,"Seymour, Wis.",2015
Micah Kapoi,OL,Redshirt Freshman,"Kapolei, Hawaii",2015
Logan Schmidt,OL,Redshirt Junior,"Gotham, Wis.",2015
Ian Dretzka,OL,Freshman,"Delafield, Wis.",2015
Jason Erdmann,OL,Freshman,"Richfield, Wis.",2015
Ben Hemer,OL,Redshirt Sophomore,"Medford, Wis.",2015
Troy Fumagalli,TE,Redshirt Sophomore,"Aurora, Ill.",2015
A.J. Jordan,WR,Redshirt Senior,"Dayton, Ohio",2015
Andrew James,WR,Freshman,"Fort Lauderdale,                                                                Fla.",2015
Krenwick Sanders,WR,Sophomore,"Jesup, Ga.",2015
Alex Erickson,WR,Redshirt Senior,"Darlington, Wis.",2015
George Rushing,WR,Sophomore,"Miramar, Fla.",2015
David Edwards,TE,Freshman,"Downers Grove, Ill.",2015
Drew Meyer,P,Redshirt Senior,"Hartland, Wis.",2015
Zander Neuville,DE,Redshirt Freshman,"Waupaca, Wis.",2015
Jeremy Patterson,NT,Redshirt Freshman,"Screven, Ga.",2015
Jake Keefer,DE,Redshirt Senior,"Woodville, Wis.",2015
Conor Sheehy,NT,Sophomore,"Milwaukee, Wis.",2015
Arthur Goldberg,DE,Redshirt Junior,"Mount Lebanon, Pa.",2015
Connor Allen,P,Freshman,"New Berlin, Wis.",2015
Billy Hirschfeld,DE,Redshirt Freshman,"Okauchee, Wis.",2015
Jack Russell,K,Senior,"Waunakee, Wis.",2015
Andrew Ruzek,DE,Freshman,"Stevens Point,                                                                Wis.",2015
Kraig Howe,DE,Freshman,"Dayton, Ohio",2015
Reggie Love,WR,Senior,"Boynton Beach, Fla.",2016
Garret Dooley,OLB,Junior,"Rochester, Ill.",2016
Chris James,RB,Junior,"Chicago, Ill.",2016
Corey Clement,RB,Senior,"Glassboro, N.J.",2016
Bradrick Shaw,RB,Freshman,"Birmingham, Ala.",2016
Sojourn Shelton,CB,Senior,"Fort Lauderdale, Fla.",2016
Titus Booker,CB,Freshman,"Round Lake Beach, Ill.",2016
Karé Lyles,QB,Freshman,"Scottsdale, Ariz.",2016
Seth Currens,S,Freshman,"Pickerington, Ohio",2016
Nick Nelson,CB,Junior,"Glenarden, Md.",2016
Jazz Peavy,WR,Junior,"Kenosha, Wis.",2016
Alex Hornibrook,QB,Freshman,"West Chester, Pa.",2016
Natrell Jamerson,CB,Junior,"Ocala, Fla.",2016
Evan Bondoc,S,Sophomore,"Madison, Wis.",2016
Bart Houston,QB,Senior,"Dublin, Calif.",2016
D'Cota Dixon,S,Junior,"Oak Hill, Fla.",2016
Garrett Groshek,QB,Freshman,"Amherst Junction, Wis.",2016
Anthony Lotti,P,Freshman,"Flowery Branch, Ga.",2016
Robert Wheelwright,WR,Senior,"Columbus, Ohio",2016
George Rushing,WR,Junior,"Miramar, Fla.",2016
Caesar Williams,CB,Freshman,"Grand Prairie, Texas",2016
Jack Dunn,WR,Freshman,"Madison, Wis.",2016
Leo Musso,S,Senior,"Waunakee, Wis.",2016
Austin Ramesh,FB,Junior,"Land O’ Lakes, Wis.",2016
Cristian Volpentesta,DB,Freshman,"Highland Park, Ill.",2016
Arrington Farrar,S,Sophomore,"Atlanta, Ga.",2016
Mark Saari,RB,Sophomore,"Montreal, Wis.",2016
Patrick Johnson,S,Freshman,"Washington, D.C.",2016
Dare Ogunbowale,RB,Senior,"Milwaukee, Wis.",2016
Mason Stokke,ILB,Freshman,"Menomonie, Wis.",2016
Keelon Brookins,S,Junior,"St. Paul, Minn.",2016
Adam Krumholz,WR,Freshman,"Stoughton, Wis.",2016
Derrick Tindal,CB,Junior,"Fort Lauderdale, Fla.",2016
Eric Burrell,S,Freshman,"Severn, Md.",2016
Rafael Gaglianone,K,Junior,"Sao Paulo, Brazil",2016
Kendric Pryor,WR,Freshman,"Hazel Crest, Ill.",2016
Taiwan Deal,RB,Sophomore,"Capitol Heights, Md.",2016
Blake Mielke,S,Freshman,"Hartland, Wis.",2016
Dontye Carriere-Williams,CB,Freshman,"Miami, Fla.",2016
Troy Laufenberg,RB,Freshman,"Waunakee, Wis.",2016
Aaron Maternowski,FB,Freshman,"Slinger, Wis.",2016
Serge Trezy,CB,Senior,"Orlando, Fla.",2016
Lubern Figaro,S,Junior,"Everett, Mass.",2016
Leon Jacobs,FB,Junior,"San Pedro, Calif.",2016
Sam Brodner,RB,Freshman,"Glen Ellyn, Ill.",2016
Chikwe Obasih,DE,Junior,"Brookfield, Wis.",2016
Joe Ferguson,S,Junior,"Madison, Wis.",2016
Andrew Endicott,K,Senior,"Roseville, Calif.",2016
Bret Verstegen,S,Freshman,"Kimberly, Wis.",2016
P.J. Rosowski,P,Sophomore,"Stoughton, Wis.",2016
Zach Hintze,K,Freshman,"Fond du Lac, Wis.",2016
Jake Whalen,OLB,Freshman,"Wausau, Wis.",2016
Jake Hescock,TE,Freshman,"Pittsfield, Mass.",2016
Max Praschak,OLB,Freshman,"Somerset, Wis.",2016
Gabe Lloyd,TE,Freshman,"Green Bay, Wis.",2016
T.J. Watt,OLB,Junior,"Pewaukee, Wis.",2016
Ryan Connelly,ILB,Sophomore,"Eden Prairie, Minn.",2016
Peter Roy,WR,Sophomore,"Muskego, Wis.",2016
Eric Steffes,TE,Senior,"Mount Calvary, Wis.",2016
Alec Ingold,FB,Sophomore,"Green Bay, Wis.",2016
Jack Popp,WR,Freshman,"Mequon, Wis.",2016
Nick Thomas,ILB,Freshman,"Bradenton, Fla.",2016
Vince Biegel,OLB,Senior,"Wisconsin Rapids, Wis.",2016
Jack Cichy,ILB,Junior,"Somerset, Wis.",2016
Mitchell Herl,TE,Freshman,"Middleton, Wis.",2016
Christian Bell,OLB,Freshman,"Birmingham, Ala.",2016
Kyle Penniston,TE,Freshman,"Orange, Calif.",2016
Chris Orr,ILB,Sophomore,"DeSoto, Texas",2016
Noah Burks,OLB,Freshman,"Carmel, Ind.",2016
Griffin Grady,OLB,Freshman,"Dublin, Ohio",2016
Jacob Maxwell,OL,Sophomore,"Greendale, Wis.",2016
David Pfaff,DE,Freshman,"Mequon, Wis.",2016
T.J. Edwards,ILB,Sophomore,"Lake Villa, Ill.",2016
Zack Baun,OLB,Freshman,"Brown Deer, Wis.",2016
Alec James,DE,Junior,"Brookfield, Wis.",2016
Mike Maskalunas,ILB,Freshman,"Long Grove, Ill.",2016
Tyler Johnson,OLB,Freshman,"Menasha, Wis.",2016
Connor Udelhoven,LS,Senior,"St. Paul, Minn.",2016
Tyler Biadasz,OL,Freshman,"Amherst, Wis.",2016
Patrick Kasl,OL,Freshman,"Wyoming, Minn.",2016
Michael Deiter,OL,Sophomore,"Curtice, Ohio",2016
Brett Connors,OL,Sophomore,"New Berlin, Wis.",2016
Ryan Ramczyk,OL,Junior,"Stevens Point, Wis.",2016
Olive Sagapolu,NT,Sophomore,"Pago Pago, American Samoa",2016
Beau Benzschawel,OL,Sophomore,"Grafton, Wis.",2016
Kelly Thomas,DE,Freshman,"Racine, Wis.",2016
Jon Dietzen,OL,Freshman,"Black Creek, Wis.",2016
David Moorman,OL,Freshman,"Northville, Mich.",2016
Hegeman Tiedt,DE,Freshman,"Burlington, Wis.",2016
Cole Van Lanen,OL,Freshman,"Green Bay, Wis.",2016
Kevin Estes,OL,Freshman,"San Marcos, Calif.",2016
Gunnar Roberge,NT,Freshman,"Seymour, Wis.",2016
Micah Kapoi,OL,Sophomore,"Kapolei, Hawaii",2016
Ian Dretzka,OL,Freshman,"Delafield, Wis.",2016
Jason Erdmann,OL,Freshman,"Richfield, Wis.",2016
David Edwards,OL,Freshman,"Downers Grove, Ill.",2016
Troy Fumagalli,TE,Junior,"Aurora, Ill.",2016
Henry Houden,WR,Freshman,"Madison, Wis.",2016
A.J. Taylor,WR,Freshman,"Kansas City, Mo.",2016
Zander Neuville,TE,Sophomore,"Waupaca, Wis.",2016
Ricky Finco,WR,Sophomore,"Hartland, Wis.",2016
Quintez Cephus,WR,Freshman,"Macon, Ga.",2016
Connor Allen,P,Freshman,"New Berlin, Wis.",2016
Luke Benzschawel,TE,Freshman,"Grafton, Wis.",2016
Jeremy Patterson,NT,Sophomore,"Screven, Ga.",2016
Garrett Rand,DE,Freshman,"Chandler, Ariz.",2016
Conor Sheehy,DE,Junior,"Milwaukee, Wis.",2016
Keldric Preston,OLB,Freshman,"Tampa, Fla.",2016
Billy Hirschfeld,DE,Sophomore,"Okauchee, Wis.",2016
Isaiahh Loudermilk,DE,Freshman,"Howard, Kan.",2016
Kraig Howe,DE,Freshman,"Dayton, Ohio",2016
Patrick Johnson,S,Sophomore,"Washington, D.C.",2017
Kendric Pryor,WR,Freshman,"Hazel Crest, Ill.",2017
A.J. Taylor,WR,Sophomore,"Kansas City, Mo.",2017
Garret Dooley,OLB,Senior,"Rochester, Ill.",2017
Chris James,RB,Junior,"Chicago, Ill.",2017
Danny Davis III,WR,Freshman,"Springfield, Ohio",2017
Bradrick Shaw,RB,Sophomore,"Birmingham, Ala.",2017
Joe Ferguson,S,Senior,"Madison, Wis.",2017
Rachid Ibrahim,RB,Senior,"Rockville, Md.",2017
Jack Coan,QB,Freshman,"Sayville, N.Y.",2017
Seth Currens,S,Freshman,"Pickerington, Ohio",2017
Nick Nelson,CB,Junior,"Glenarden, Md.",2017
Jazz Peavy,WR,Senior,"Kenosha, Wis.",2017
Alex Hornibrook,QB,Sophomore,"West Chester, Pa.",2017
Natrell Jamerson,S,Senior,"Ocala, Fla.",2017
Evan Bondoc,S,Junior,"Madison, Wis.",2017
D'Cota Dixon,S,Junior,"Oak Hill, Fla.",2017
Anthony Lotti,P,Sophomore,"Flowery Branch, Ga.",2017
Danny Vanden Boom,QB,Freshman,"Kimberly, Wis.",2017
Jack Dunn,WR,Freshman,"Madison, Wis.",2017
George Rushing,WR,Senior,"Miramar, Fla.",2017
Andrew Van Ginkel,OLB,Junior,"Rock Valley, Iowa",2017
Arrington Farrar,ILB,Junior,"Atlanta, Ga.",2017
Karé Lyles,QB,Freshman,"Scottsdale, Ariz.",2017
Faion Hicks,CB,Freshman,"Miami, Fla.",2017
Austin Ramesh,FB,Senior,"Land O’ Lakes, Wis.",2017
Mark Saari,RB,Junior,"Montreal, Wis.",2017
Caesar Williams,CB,Freshman,"Grand Prairie, Texas",2017
Cade Green,WR,Freshman,"Austin, Texas",2017
Mason Stokke,ILB,Freshman,"Menomonie, Wis.",2017
Jonathan Taylor,RB,Freshman,"Salem, N.J.",2017
Madison Cone,CB,Freshman,"Kernersville, N.C.",2017
Adam Krumholz,WR,Freshman,"Stoughton, Wis.",2017
Scott Nelson,S,Freshman,"Detroit, Mich.",2017
Derrick Tindal,CB,Senior,"Fort Lauderdale, Fla.",2017
Eric Burrell,S,Freshman,"Severn, Md.",2017
Chris Clementi,WR,Junior,"Wausau, Wis.",2017
Rafael Gaglianone,K,Junior,"Sao Paulo, Brazil",2017
Cristian Volpentesta,CB,Freshman,"Highland Park, Ill.",2017
Taiwan Deal,RB,Junior,"Capitol Heights, Md.",2017
Blake Mielke,S,Sophomore,"Hartland, Wis.",2017
Dontye Carriere-Williams,CB,Freshman,"Miami, Fla.",2017
Coy Wanner,TE,Freshman,"Green Bay, Wis.",2017
Lubern Figaro,CB,Senior,"Everett, Mass.",2017
Tyler Mais,S,Freshman,"Waunakee, Wis.",2017
Jake Collinsworth,ILB,Freshman,"Merrill, Wis.",2017
Leon Jacobs,OLB,Senior,"San Pedro, Calif.",2017
Sam Brodner,RB,Freshman,"Glen Ellyn, Ill.",2017
Chikwe Obasih,DE,Senior,"Brookfield, Wis.",2017
Hunter Johnson,RB,Freshman,"Darlington, Wis.",2017
Kobe Knaak,S,Freshman,"Franklin, Wis.",2017
Ethan Cesarz,ILB,Freshman,"Delavan, Wis.",2017
Garrett Groshek,RB,Freshman,"Amherst Junction, Wis.",2017
Sam DeLany,WR,Freshman,"Delafield, Wis.",2017
P.J. Rosowski,P,Junior,"Stoughton, Wis.",2017
Zach Hintze,K,Sophomore,"Fond du Lac, Wis.",2017
Jake Whalen,FB,Sophomore,"Wausau, Wis.",2017
Noah Burks,OLB,Freshman,"Carmel, Ind.",2017
Paul Jackson,WR,Junior,"Miami Gardens, Fla.",2017
Ryan Connelly,ILB,Junior,"Eden Prairie, Minn.",2017
Peter Roy,WR,Junior,"Muskego, Wis.",2017
Alec Ingold,FB,Junior,"Green Bay, Wis.",2017
Hegeman Tiedt,OLB,Freshman,"Burlington, Wis.",2017
Gabe Lloyd,TE,Freshman,"Green Bay, Wis.",2017
Nick Thomas,ILB,Sophomore,"Bradenton, Fla.",2017
Griffin Grady,ILB,Sophomore,"Dublin, Ohio",2017
Jack Cichy,ILB,Senior,"Somerset, Wis.",2017
Kyle Penniston,TE,Sophomore,"Orange, Calif.",2017
Izayah Green-May,OLB,Freshman,"Bolingbrook, Ill.",2017
Adam Bay,LS,Freshman,"Mesa, Ariz.",2017
David Pfaff,DE,Sophomore,"Mequon, Wis.",2017
T.J. Edwards,ILB,Junior,"Lake Villa, Ill.",2017
Chris Orr,ILB,Sophomore,"DeSoto, Texas",2017
Christian Bell,OLB,Freshman,"Birmingham, Ala.",2017
Zack Baun,OLB,Sophomore,"Brown Deer, Wis.",2017
Michael Balistreri,DE,Freshman,"Grafton, Wis.",2017
Alec James,DE,Senior,"Brookfield, Wis.",2017
Mike Maskalunas,ILB,Freshman,"Long Grove, Ill.",2017
Tyler Johnson,OLB,Sophomore,"Menasha, Wis.",2017
Logan Bruss,OL,Freshman,"Kimberly, Wis.",2017
Tyler Biadasz,OL,Freshman,"Amherst, Wis.",2017
Patrick Kasl,OL,Freshman,"Wyoming, Minn.",2017
Michael Deiter,OL,Junior,"Curtice, Ohio",2017
Brett Connors,OL,Junior,"New Berlin, Wis.",2017
Tyler Beach,OL,Freshman,"Grafton, Wis.",2017
Beau Benzschawel,OL,Junior,"Grafton, Wis.",2017
Jon Dietzen,OL,Sophomore,"Black Creek, Wis.",2017
David Moorman,OL,Sophomore,"Northville, Mich.",2017
Aaron Vopal,DE,Freshman,"De Pere, Wis.",2017
Josh Seltzner,OL,Freshman,"Columbus, Wis.",2017
Cole Van Lanen,OL,Freshman,"Green Bay, Wis.",2017
Alex Fenton,OL,Freshman,"Menomonie, Wis.",2017
Gunnar Roberge,NT,Sophomore,"Seymour, Wis.",2017
Micah Kapoi,OL,Junior,"Kapolei, Hawaii",2017
Kayden Lyles,OL,Freshman,"Madison, Wis.",2017
Blake Smithback,OL,Freshman,"Waunakee, Wis.",2017
Jason Erdmann,OL,Sophomore,"Richfield, Wis.",2017
David Edwards,OL,Sophomore,"Downers Grove, Ill.",2017
Troy Fumagalli,TE,Senior,"Aurora, Ill.",2017
Emmet Perry,WR,Freshman,"Grand Prairie, Texas",2017
Jake Ferguson,TE,Freshman,"Madison, Wis.",2017
Zander Neuville,TE,Junior,"Waupaca, Wis.",2017
Luke Benzschawel,TE,Freshman,"Grafton, Wis.",2017
Quintez Cephus,WR,Sophomore,"Macon, Ga.",2017
Deron Harrell,WR,Freshman,"Denver, Colo.",2017
Connor Allen,P,Sophomore,"New Berlin, Wis.",2017
Josh Bernhagen,LS,Freshman,"Madison, Wis.",2017
Garrett Rand,NT,Sophomore,"Chandler, Ariz.",2017
Matt Henningsen,DE,Freshman,"Menomonee Falls, Wis.",2017
Conor Sheehy,DE,Senior,"Milwaukee, Wis.",2017
Keldric Preston,DE,Freshman,"Tampa, Fla.",2017
Billy Hirschfeld,DE,Junior,"Okauchee, Wis.",2017
Isaiahh Loudermilk,DE,Freshman,"Howard, Kan.",2017
Kraig Howe,DE,Sophomore,"Dayton, Ohio",2017
Collin Larsh,K,Freshman,"Marshall, Wis.",2017
Olive Sagapolu,NT,Junior,"Pago Pago, American Samoa",2017
Aron Cruickshank,WR,Freshman,"Brooklyn, N.Y.",2018
Chase Wolf,QB,Freshman,"Cincinnati, Ohio",2018
Kendric Pryor,WR,Sophomore,"Hazel Crest, Ill.",2018
Donte Burton,CB,Freshman,"Loganville, Ga.",2018
A.J. Taylor,WR,Junior,"Kansas City, Mo.",2018
Chris James,RB,Senior,"Chicago, Ill.",2018
Rachad Wildgoose,CB,Freshman,"Miami, Fla.",2018
Danny Davis III,WR,Sophomore,"Springfield, Ohio",2018
Reggie Pearson,S,Freshman,"Inkster, Mich.",2018
Bradrick Shaw,RB,Junior,"Birmingham, Ala.",2018
Deron Harrell,CB,Freshman,"Denver, Colo.",2018
Scott Nelson,S,Freshman,"Detroit, Mich.",2018
Seth Currens,S,Sophomore,"Pickerington, Ohio",2018
Isaac Guerendo,WR,Freshman,"Clayton, Ind.",2018
Alexander Smith,CB,Freshman,"Culver City, Calif.",2018
Alex Hornibrook,QB,Junior,"West Chester, Pa.",2018
Evan Bondoc,S,Senior,"Madison, Wis.",2018
Mike Gregoire,WR,Freshman,"Green Bay, Wis.",2018
D'Cota Dixon,S,Senior,"Oak Hill, Fla.",2018
Anthony Lotti,P,Junior,"Flowery Branch, Ga.",2018
Danny Vanden Boom,QB,Freshman,"Kimberly, Wis.",2018
Jack Dunn,WR,Sophomore,"Madison, Wis.",2018
Jack Coan,QB,Sophomore,"Sayville, N.Y.",2018
Andrew Van Ginkel,OLB,Senior,"Rock Valley, Iowa",2018
Collin Wilder,S,Junior,"Katy, Texas",2018
Nate Carter,QB,Freshman,"Waunakee, Wis.",2018
John Torchio,S,Freshman,"Lafayette, Calif.",2018
Faion Hicks,CB,Freshman,"Miami, Fla.",2018
Mark Saari,RB,Senior,"Montreal, Wis.",2018
Caesar Williams,CB,Sophomore,"Grand Prairie, Texas",2018
Cade Green,WR,Freshman,"Austin, Texas",2018
Jacob Heyroth,ILB,Freshman,"Lodi, Wis.",2018
Mason Stokke,ILB,Sophomore,"Menomonie, Wis.",2018
Jonathan Taylor,RB,Sophomore,"Salem, N.J.",2018
Adam Krumholz,WR,Sophomore,"Stoughton, Wis.",2018
Eric Burrell,S,Sophomore,"Severn, Md.",2018
Nakia Watson,RB,Freshman,"Austin, Texas",2018
Travian Blaylock,CB,Freshman,"Humble, Texas",2018
Rafael Gaglianone,K,Senior,"Sao Paulo, Brazil",2018
Cristian Volpentesta,CB,Sophomore,"Highland Park, Ill.",2018
Taiwan Deal,RB,Senior,"Capitol Heights, Md.",2018
Brady Schipper,WR,Freshman,"Stoughton, Wis.",2018
Tyler Mais,S,Freshman,"Waunakee, Wis.",2018
Coy Wanner,FB,Freshman,"Green Bay, Wis.",2018
Madison Cone,CB,Sophomore,"Kernersville, N.C.",2018
Jake Collinsworth,FB,Freshman,"Merrill, Wis.",2018
Marty Strey,OLB,Freshman,"Sun Prairie, Wis.",2018
C.J. Goetz,DE,Freshman,"Muskego, Wis.",2018
Hunter Johnson,RB,Freshman,"Darlington, Wis.",2018
Kobe Knaak,CB,Sophomore,"Franklin, Wis.",2018
Ethan Cesarz,ILB,Freshman,"Delavan, Wis.",2018
Garrett Groshek,RB,Sophomore,"Amherst Junction, Wis.",2018
Paul Jackson,OLB,Junior,"Miami Gardens, Fla.",2018
P.J. Rosowski,P,Senior,"Stoughton, Wis.",2018
Zach Hintze,K,Junior,"Fond du Lac, Wis.",2018
Noah Burks,OLB,Sophomore,"Carmel, Ind.",2018
Jack Eschenbach,TE,Freshman,"Downers Grove, Ill.",2018
Jaylan Franklin,OLB,Freshman,"Brownstown, Mich.",2018
Ryan Connelly,ILB,Senior,"Eden Prairie, Minn.",2018
John Chenal,FB,Freshman,"Grantsburg, Wis.",2018
Alec Ingold,FB,Senior,"Green Bay, Wis.",2018
Gabe Lloyd,TE,Sophomore,"Green Bay, Wis.",2018
Hegeman Tiedt,OLB,Sophomore,"Burlington, Wis.",2018
Griffin Grady,ILB,Sophomore,"Dublin, Ohio",2018
Mason Platter,OLB,Freshman,"Menomonie, Wis.",2018
Kyle Penniston,TE,Junior,"Orange, Calif.",2018
Izayah Green-May,OLB,Freshman,"Bolingbrook, Ill.",2018
Adam Bay,LS,Sophomore,"Mesa, Ariz.",2018
Josh Bernhagen,LS,Sophomore,"Madison, Wis.",2018
David Pfaff,DE,Junior,"Mequon, Wis.",2018
T.J. Edwards,ILB,Senior,"Lake Villa, Ill.",2018
Chris Orr,ILB,Junior,"DeSoto, Texas",2018
Christian Bell,OLB,Sophomore,"Birmingham, Ala.",2018
Zack Baun,OLB,Junior,"Brown Deer, Wis.",2018
Michael Balistreri,DE,Freshman,"Grafton, Wis.",2018
Jack Sanborn,ILB,Freshman,"Deer Park, Ill.",2018
Mike Maskalunas,ILB,Sophomore,"Long Grove, Ill.",2018
Tyler Johnson,OLB,Junior,"Menasha, Wis.",2018
Andrew Lyons,OL,Freshman,"Kenosha, Wis.",2018
Logan Bruss,OL,Freshman,"Kimberly, Wis.",2018
Tyler Biadasz,OL,Sophomore,"Amherst, Wis.",2018
Michael Deiter,OL,Senior,"Curtice, Ohio",2018
Tyler Beach,OL,Freshman,"Grafton, Wis.",2018
Beau Benzschawel,OL,Senior,"Grafton, Wis.",2018
Jon Dietzen,OL,Junior,"Black Creek, Wis.",2018
David Moorman,OL,Junior,"Northville, Mich.",2018
Aaron Vopal,DE,Freshman,"De Pere, Wis.",2018
Josh Seltzner,OL,Freshman,"Columbus, Wis.",2018
Cole Van Lanen,OL,Sophomore,"Green Bay, Wis.",2018
Alex Fenton,OL,Freshman,"Menomonie, Wis.",2018
Michael Furtney,OL,Freshman,"Milan, Mich.",2018
Gunnar Roberge,NT,Junior,"Seymour, Wis.",2018
Micah Kapoi,OL,Senior,"Kapolei, Hawaii",2018
Kayden Lyles,NT,Freshman,"Madison, Wis.",2018
Blake Smithback,OL,Freshman,"Waunakee, Wis.",2018
Jason Erdmann,OL,Junior,"Richfield, Wis.",2018
David Edwards,OL,Junior,"Downers Grove, Ill.",2018
Taj Mustapha,WR,Freshman,"Southfield, Mich.",2018
Emmet Perry,WR,Freshman,"Grand Prairie, Texas",2018
Jake Ferguson,TE,Freshman,"Madison, Wis.",2018
Zander Neuville,TE,Senior,"Waupaca, Wis.",2018
Luke Benzschawel,TE,Sophomore,"Grafton, Wis.",2018
Quintez Cephus,WR,Junior,"Macon, Ga.",2018
A.J. Abbott,WR,Freshman,"Northville, Mich.",2018
Connor Allen,P,Junior,"New Berlin, Wis.",2018
Isaiah Mullens,DE,Freshman,"Columbus, Ohio",2018
Bryson Williams,NT,Freshman,"Lincoln, Neb.",2018
Matt Henningsen,DE,Freshman,"Menomonee Falls, Wis.",2018
Garrett Rand,DE,Junior,"Chandler, Ariz.",2018
Boyd Dietzen,DE,Freshman,"Combined Locks, Wis.",2018
Cormac Sampson,TE,Freshman,"Eau Claire, Wis.",2018
Conor Schlichting,P,Freshman,"Madison, Wis.",2018
Isaiahh Loudermilk,DE,Sophomore,"Howard, Kan.",2018
Kraig Howe,DE,Junior,"Dayton, Ohio",2018
Collin Larsh,K,Freshman,"Marshall, Wis.",2018
Olive Sagapolu,NT,Senior,"Pago Pago, American Samoa",2018
Faion Hicks,CB,Sophomore,"Miami, Fla.",2019
Reggie Pearson,S,Freshman,"Inkster, Mich.",2019
Chase Wolf,QB,Freshman,"Cincinnati, Ohio",2019
Kendric Pryor,WR,Junior,"Hazel Crest, Ill.",2019
A.J. Taylor,WR,Senior,"Kansas City, Mo.",2019
Graham Mertz,QB,Freshman,"Overland Park, Kan.",2019
Rachad Wildgoose,CB,Sophomore,"Miami, Fla.",2019
Danny Davis III,WR,Junior,"Springfield, Ohio",2019
Dean Engram,CB,Freshman,"Columbia, Md.",2019
Spencer Lytle,OLB,Freshman,"Redondo Beach, Calif.",2019
Bradrick Shaw,RB,Senior,"Birmingham, Ala.",2019
Deron Harrell,CB,Sophomore,"Denver, Colo.",2019
Scott Nelson,S,Sophomore,"Detroit, Mich.",2019
Seth Currens,TE,Junior,"Pickerington, Ohio",2019
Stephan Bracey Jr.,WR,Freshman,"Grand Rapids, Mich.",2019
Alexander Smith,CB,Freshman,"Culver City, Calif.",2019
Titus Toler,S,Freshman,"Long Beach, Calif.",2019
Mike Gregoire,WR,Freshman,"Green Bay, Wis.",2019
Jordan DiBenedetto,WR,Freshman,"Stoughton, Wis.",2019
Nakia Watson,RB,Freshman,"Austin, Texas",2019
Anthony Lotti,P,Senior,"Flowery Branch, Ga.",2019
Danny Vanden Boom,QB,Sophomore,"Kimberly, Wis.",2019
Jack Dunn,WR,Junior,"Madison, Wis.",2019
Donte Burton,CB,Freshman,"Loganville, Ga.",2019
Jack Coan,QB,Junior,"Sayville, N.Y.",2019
Cam Phillips,WR,Freshman,"San Francisco, Calif.",2019
Collin Wilder,S,Junior,"Katy, Texas",2019
Collin Larsh,K,Sophomore,"Marshall, Wis.",2019
John Torchio,S,Freshman,"Lafayette, Calif.",2019
Isaac Guerendo,RB,Freshman,"Clayton, Ind.",2019
Semar Melvin,CB,Freshman,"Pembroke Pines, Fla.",2019
Cooper Nelson,WR,Freshman,"Sun Prairie, Wis.",2019
Caesar Williams,CB,Junior,"Grand Prairie, Texas",2019
Cade Green,WR,Sophomore,"Austin, Texas",2019
Jacob Heyroth,ILB,Freshman,"Lodi, Wis.",2019
Jonathan Taylor,RB,Junior,"Salem, N.J.",2019
Adam Krumholz,WR,Junior,"Stoughton, Wis.",2019
James Williams,CB,Freshman,"Fort Lauderdale, Fla.",2019
Eric Burrell,S,Junior,"Severn, Md.",2019
Travian Blaylock,CB,Freshman,"Humble, Texas",2019
Cristian Volpentesta,CB,Junior,"Highland Park, Ill.",2019
Quan Easterling,FB,Freshman,"Akron, Ohio",2019
Blake Wilcox,K,Freshman,"Wales, Wis.",2019
Jackson Kollath,ILB,Freshman,"Menomonee Falls, Wis.",2019
Brady Schipper,RB,Freshman,"Stoughton, Wis.",2019
Tyler Mais,S,Sophomore,"Waunakee, Wis.",2019
Coy Wanner,TE,Sophomore,"Green Bay, Wis.",2019
Madison Cone,S,Junior,"Kernersville, N.C.",2019
Julius Davis,RB,Freshman,"Menomonee Falls, Wis.",2019
Marty Strey,ILB,Freshman,"Sun Prairie, Wis.",2019
Mason Stokke,FB,Junior,"Menomonie, Wis.",2019
Hunter Johnson,RB,Sophomore,"Darlington, Wis.",2019
Kobe Knaak,CB,Junior,"Franklin, Wis.",2019
Garrett Groshek,RB,Junior,"Amherst Junction, Wis.",2019
Dante Caputo,S,Freshman,"Pittsburgh, Pa.",2019
Tatum Grass,ILB,Freshman,"Holmen, Wis.",2019
Zach Hintze,K,Senior,"Fond du Lac, Wis.",2019
Noah Burks,OLB,Junior,"Carmel, Ind.",2019
Jack Eschenbach,TE,Freshman,"Downers Grove, Ill.",2019
Jaylan Franklin,OLB,Freshman,"Brownstown, Mich.",2019
Hayden Rucci,TE,Freshman,"Lititz, Pa.",2019
John Chenal,FB,Sophomore,"Grantsburg, Wis.",2019
Leo Chenal,ILB,Freshman,"Grantsburg, Wis.",2019
Gabe Lloyd,TE,Junior,"Green Bay, Wis.",2019
Clay Cundiff,TE,Freshman,"Wichita, Kan.",2019
Travis Wiltjer,ILB,Senior,"Maple City, Mich.",2019
Christian Bell,OLB,Junior,"Birmingham, Ala.",2019
Logan Brown,OL,Freshman,"Grand Rapids, Mich.",2019
Izayah Green-May,OLB,Sophomore,"Bolingbrook, Ill.",2019
Adam Bay,LS,Junior,"Mesa, Ariz.",2019
Gio Paez,DE,Freshman,"Los Angeles, Calif.",2019
Josh Bernhagen,LS,Junior,"Madison, Wis.",2019
David Pfaff,DE,Senior,"Mequon, Wis.",2019
Chris Orr,ILB,Senior,"DeSoto, Texas",2019
Maema Njongmeta,ILB,Freshman,"Buffalo Grove, Ill.",2019
Zack Baun,OLB,Senior,"Brown Deer, Wis.",2019
Rodas Johnson,DE,Freshman,"Columbus, Ohio",2019
Michael Balistreri,DE,Sophomore,"Grafton, Wis.",2019
Jack Sanborn,ILB,Sophomore,"Deer Park, Ill.",2019
Mike Maskalunas,ILB,Junior,"Long Grove, Ill.",2019
Tyler Johnson,OLB,Senior,"Menasha, Wis.",2019
Andrew Lyons,OL,Freshman,"Kenosha, Wis.",2019
Logan Bruss,OL,Sophomore,"Kimberly, Wis.",2019
Tyler Biadasz,OL,Junior,"Amherst, Wis.",2019
Logan O'Brien,OL,Freshman,"Fennimore, Wis.",2019
Peter Bowden,LS,Freshman,"San Diego, Calif.",2019
Tyler Beach,OL,Sophomore,"Grafton, Wis.",2019
David Moorman,OL,Senior,"Northville, Mich.",2019
Aaron Vopal,OL,Sophomore,"De Pere, Wis.",2019
Josh Seltzner,OL,Sophomore,"Columbus, Wis.",2019
Cole Van Lanen,OL,Junior,"Green Bay, Wis.",2019
Michael Furtney,OL,Freshman,"Milan, Mich.",2019
Gunnar Roberge,NT,Senior,"Seymour, Wis.",2019
Joe Tippmann,OL,Freshman,"Fort Wayne, Ind.",2019
Kayden Lyles,OL,Sophomore,"Madison, Wis.",2019
Blake Smithback,OL,Sophomore,"Waunakee, Wis.",2019
Jason Erdmann,OL,Senior,"Richfield, Wis.",2019
Taj Mustapha,WR,Freshman,"Southfield, Mich.",2019
Emmet Perry,WR,Sophomore,"Grand Prairie, Texas",2019
Jake Ferguson,TE,Sophomore,"Madison, Wis.",2019
Cormac Sampson,TE,Freshman,"Eau Claire, Wis.",2019
Luke Benzschawel,TE,Junior,"Grafton, Wis.",2019
Quintez Cephus,WR,Junior,"Macon, Ga.",2019
A.J. Abbott,WR,Freshman,"Northville, Mich.",2019
Connor Allen,P,Senior,"New Berlin, Wis.",2019
Bryson Williams,NT,Sophomore,"Lincoln, Neb.",2019
Matt Henningsen,DE,Sophomore,"Menomonee Falls, Wis.",2019
Garrett Rand,DE,Junior,"Chandler, Ariz.",2019
Boyd Dietzen,DE,Freshman,"Combined Locks, Wis.",2019
Keeanu Benton,NT,Freshman,"Janesville, Wis.",2019
Conor Schlichting,P,Sophomore,"Madison, Wis.",2019
Isaiahh Loudermilk,DE,Junior,"Howard, Kan.",2019
C.J. Goetz,DE,Freshman,"Muskego, Wis.",2019
Isaiah Mullens,DE,Freshman,"Columbus, Ohio",2019
Faion Hicks,CB,Junior,"Miami, Fla.",2020
Chase Wolf,QB,Sophomore,"Cincinnati, Ohio",2020
Kendric Pryor,WR,Senior,"Hazel Crest, Ill.",2020
Donte Burton,CB,Sophomore,"Loganville, Ga.",2020
Graham Mertz,QB,Redshirt Freshman,"Overland Park, Kan.",2020
Rachad Wildgoose,CB,Junior,"Miami, Fla.",2020
Dean Engram,CB,Redshirt Freshman,"Columbia, Md.",2020
Danny Davis III,WR,Senior,"Springfield, Ohio",2020
Spencer Lytle,OLB,Redshirt Freshman,"Redondo Beach, Calif.",2020
Jalen Berger,RB,Freshman,"Newark, N.J.",2020
Deron Harrell,CB,Junior,"Denver, Colo.",2020
Scott Nelson,S,Junior,"Detroit, Mich.",2020
Stephan Bracey Jr.,WR,Redshirt Freshman,"Grand Rapids, Mich.",2020
Alexander Smith,CB,Sophomore,"Culver City, Calif.",2020
Titus Toler,S,Redshirt Freshman,"Long Beach, Calif.",2020
Daniel Wright,QB,Freshman,"Sergeant Bluff, Iowa",2020
Chimere Dike,WR,Freshman,"Waukesha, Wis.",2020
Nakia Watson,RB,Sophomore,"Austin, Texas",2020
John Torchio,S,Sophomore,"Lafayette, Calif.",2020
Danny Vanden Boom,QB,Junior,"Kimberly, Wis.",2020
Jack Dunn,WR,Senior,"Madison, Wis.",2020
Amaun Williams,CB,Freshman,"Milwaukee, Wis.",2020
Jack Coan,QB,Senior,"Sayville, N.Y.",2020
Max Lofy,CB,Freshman,"Colorado Springs, Colo.",2020
Collin Wilder,S,Senior,"Katy, Texas",2020
Nick Herbig,OLB,Freshman,"Kauai, Hawaii",2020
Collin Larsh,K,Junior,"Marshall, Wis.",2020
Isaac Guerendo,RB,Sophomore,"Clayton, Ind.",2020
Semar Melvin,CB,Redshirt Freshman,"Pembroke Pines, Fla.",2020
Cooper Nelson,WR,Redshirt Freshman,"Sun Prairie, Wis.",2020
Caesar Williams,CB,Senior,"Grand Prairie, Texas",2020
Jack Van Dyke,K,Freshman,"Neenah, Wis.",2020
Haakon Anderson,WR,Freshman,"Verona, Wis.",2020
Adam Krumholz,WR,Senior,"Stoughton, Wis.",2020
Eric Burrell,S,Senior,"Severn, Md.",2020
Isaac Smith,WR,Freshman,"Memphis, Tenn.",2020
Travian Blaylock,S,Sophomore,"Humble, Texas",2020
Quan Easterling,FB,Redshirt Freshman,"Akron, Ohio",2020
Gavin Meyers,K/P,Freshman,"Oshkosh, Wis.",2020
Brady Schipper,S,Sophomore,"Stoughton, Wis.",2020
Tyler Mais,S,Junior,"Waunakee, Wis.",2020
Madison Cone,S,Senior,"Kernersville, N.C.",2020
Jordan DiBenedetto,WR,Sophomore,"Stoughton, Wis.",2020
Julius Davis,RB,Redshirt Freshman,"Menomonee Falls, Wis.",2020
Marty Strey,OLB,Sophomore,"Sun Prairie, Wis.",2020
Ross Gengler,ILB,Freshman,"Delavan, Wis.",2020
Mason Stokke,FB,Senior,"Menomonie, Wis.",2020
Kobe Knaak,CB,Senior,"Franklin, Wis.",2020
Garrett Groshek,RB,Senior,"Amherst Junction, Wis.",2020
Riley Nowakowski,OLB,Freshman,"Milwaukee, Wis.",2020
Dante Caputo,S,Redshirt Freshman,"Pittsburgh, Pa.",2020
Andy Vujnovich,P,Junior,"Columbus, Wis.",2020
Tatum Grass,ILB,Redshirt Freshman,"Holmen, Wis.",2020
Mike Gregoire,WR,Sophomore,"Green Bay, Wis.",2020
Noah Burks,OLB,Senior,"Carmel, Ind.",2020
Jaylan Franklin,TE,Sophomore,"Brownstown, Mich.",2020
Preston Zachman,ILB,Freshman,"Elysburg, Pa.",2020
John Chenal,FB,Junior,"Grantsburg, Wis.",2020
Leo Chenal,ILB,Sophomore,"Grantsburg, Wis.",2020
Gabe Lloyd,TE,Senior,"Green Bay, Wis.",2020
Cole Dakovich,TE,Freshman,"Waukesha, Wis.",2020
Cam Large,TE,Freshman,"Pomfret, Conn.",2020
Logan Brown,OL,Redshirt Freshman,"Grand Rapids, Mich.",2020
Izayah Green-May,OLB,Junior,"Bolingbrook, Ill.",2020
Adam Bay,LS,Senior,"Mesa, Ariz.",2020
Gio Paez,DE,Redshirt Freshman,"Los Angeles, Calif.",2020
Josh Bernhagen,LS,Senior,"Madison, Wis.",2020
Kaden Johnson,OLB,Freshman,"St. Paul, Minn",2020
Malik Reed,ILB,Freshman,"Chandler, Ariz.",2020
Jordan Turner,ILB,Freshman,"Farmington, Mich.",2020
Maema Njongmeta,ILB,Redshirt Freshman,"Buffalo Grove, Ill.",2020
Rodas Johnson,DE,Redshirt Freshman,"Columbus, Ohio",2020
Jack Sanborn,ILB,Junior,"Deer Park, Ill.",2020
Mike Maskalunas,ILB,Senior,"Long Grove, Ill.",2020
Aaron Witt,OLB,Freshman,"Winona, Minn.",2020
Logan Bruss,OL,Junior,"Kimberly, Wis.",2020
Dylan Barrett,OL,Freshman,"St. Charles, Ill.",2020
Cormac Sampson,OL,Sophomore,"Eau Claire, Wis.",2020
Tanor Bortolini,OL,Freshman,"Kewaunee, Wis.",2020
Peter Bowden,LS,Redshirt Freshman,"San Diego, Calif.",2020
Sean Timmis,OL,Freshman,"Shorewood, Wis.",2020
Tyler Beach,OL,Junior,"Grafton, Wis.",2020
Jon Dietzen,OL,Senior,"Black Creek, Wis.",2020
Ben Barten,OL,Freshman,"Stratford, Wis.",2020
Aaron Vopal,OL,Junior,"De Pere, Wis.",2020
Josh Seltzner,OL,Junior,"Columbus, Wis.",2020
Cole Van Lanen,OL,Senior,"Green Bay, Wis.",2020
Kerry Kodanko,OL,Freshman,"Green Bay, Wis.",2020
Michael Furtney,OL,Sophomore,"Milan, Mich.",2020
Michael Balistreri,DE,Junior,"Grafton, Wis.",2020
Joe Tippmann,OL,Redshirt Freshman,"Fort Wayne, Ind.",2020
Kayden Lyles,OL,Junior,"Madison, Wis.",2020
Blake Smithback,OL,Junior,"Waunakee, Wis.",2020
Trey Wedig,OL,Freshman,"Oconomowoc, Wis.",2020
Jack Nelson,OL,Freshman,"Stoughton, Wis.",2020
Taj Mustapha,WR,Sophomore,"Southfield, Mich.",2020
Jack Eschenbach,TE,Sophomore,"Downers Grove, Ill.",2020
Jake Ferguson,TE,Junior,"Madison, Wis.",2020
Clay Cundiff,TE,Redshirt Freshman,"Wichita, Kan.",2020
Devin Chandler,WR,Freshman,"Huntersville, N.C.",2020
Hayden Rucci,TE,Redshirt Freshman,"Lititz, Pa.",2020
A.J. Abbott,WR,Sophomore,"Northville, Mich.",2020
James Thompson Jr.,DE,Freshman,"Cincinnati, Ohio",2020
Bryson Williams,NT,Junior,"Lincoln, Neb.",2020
Matt Henningsen,DE,Junior,"Menomonee Falls, Wis.",2020
Garrett Rand,DE,Senior,"Chandler, Ariz.",2020
Boyd Dietzen,DE,Sophomore,"Combined Locks, Wis.",2020
Keeanu Benton,NT,Sophomore,"Janesville, Wis.",2020
Cade McDonald,DE,Freshman,"Houlton, Wis.",2020
Conor Schlichting,P,Junior,"Madison, Wis.",2020
Isaiahh Loudermilk,DE,Senior,"Howard, Kan.",2020
C.J. Goetz,OLB,Sophomore,"Muskego, Wis.",2020
Isaiah Mullens,DE,Sophomore,"Columbus, Ohio",2020
Braelon Allen,RB,Freshman,"Fond du Lac, Wis.",2021
Faion Hicks,CB,Senior,"Miami, Fla.",2021
Ricardo Hallman,CB,Freshman,"Miami, Fla.",2021
Chase Wolf,QB,Junior,"Cincinnati, Ohio",2021
T.J. Bollers,OLB,Freshman,"Tiffin, Iowa",2021
Kendric Pryor,WR,Senior,"Hazel Crest, Ill.",2021
Markus Allen,WR,Freshman,"Dayton, Ohio",2021
Leo Chenal,ILB,Junior,"Grantsburg, Wis.",2021
Graham Mertz,QB,Sophomore,"Overland Park, Kan.",2021
Dean Engram,CB,Sophomore,"Columbia, Md.",2021
Chez Mellusi,RB,Junior,"Naples, Fla.",2021
Danny Davis III,WR,Senior,"Springfield, Ohio",2021
Spencer Lytle,OLB,Sophomore,"Redondo Beach, Calif.",2021
Scott Nelson,S,Senior,"Detroit, Mich.",2021
Stephan Bracey Jr.,WR,Sophomore,"Grand Rapids, Mich.",2021
Deacon Hill,QB,Freshman,"Santa Barbara, Calif.",2021
Skyler Bell,WR,Freshman,"Bronx, N.Y.",2021
Alexander Smith,CB,Junior,"Culver City, Calif.",2021
Max Lofy,CB,Redshirt Freshman,"Colorado Springs, Colo.",2021
Chimere Dike,WR,Sophomore,"Waukesha, Wis.",2021
Preston Zachman,S,Redshirt Freshman,"Elysburg, Pa.",2021
John Torchio,S,Junior,"Lafayette, Calif.",2021
Danny Vanden Boom,QB,Senior,"Kimberly, Wis.",2021
Jack Dunn,WR,Senior,"Madison, Wis.",2021
Darryl Peterson,OLB,Freshman,"Akron, Ohio",2021
Collin Wilder,S,Senior,"Katy, Texas",2021
Nick Herbig,OLB,Sophomore,"Kauai, Hawaii",2021
Collin Larsh,K,Senior,"Marshall, Wis.",2021
Isaac Guerendo,RB,Junior,"Clayton, Ind.",2021
Semar Melvin,CB,Sophomore,"Pembroke Pines, Fla.",2021
Caesar Williams,CB,Senior,"Grand Prairie, Texas",2021
Jack Van Dyke,K,Sophomore,"Neenah, Wis.",2021
Hunter Wohler,S,Freshman,"Muskego, Wis.",2021
Jake Ratzlaff,ILB,Freshman,"Rosemount, Minn.",2021
Isaac Smith,WR,Redshirt Freshman,"Memphis, Tenn.",2021
Travian Blaylock,S,Junior,"Humble, Texas",2021
Haakon Anderson,WR,Redshirt Freshman,"Verona, Wis.",2021
Al Ashford III,CB,Freshman,"Denver, Colo.",2021
Mike Gregoire,WR,Junior,"Green Bay, Wis.",2021
Gavin Meyers,K/P,Redshirt Freshman,"Oshkosh, Wis.",2021
Brady Schipper,RB,Junior,"Stoughton, Wis.",2021
Nate Van Zelst,K,Freshman,"Glenview, Ill.",2021
Tyler Mais,S,Senior,"Waunakee, Wis.",2021
Alex Moeller,WR,Freshman,"Arlington Heights, Ill.",2021
Jordan DiBenedetto,WR,Junior,"Stoughton, Wis.",2021
Amaun Williams,CB,Redshirt Freshman,"Milwaukee, Wis.",2021
Julius Davis,RB,Sophomore,"Menomonee Falls, Wis.",2021
Marty Strey,OLB,Junior,"Sun Prairie, Wis.",2021
Jackson Acker,RB,Freshman,"Madison, Wis.",2021
Ross Gengler,ILB,Redshirt Freshman,"Delavan, Wis.",2021
Jake Chaney,ILB,Freshman,"Cape Coral, Fla.",2021
Riley Nowakowski,OLB,Redshirt Freshman,"Milwaukee, Wis.",2021
Andy Vujnovich,P,Senior,"Columbus, Wis.",2021
Tatum Grass,ILB,Sophomore,"Holmen, Wis.",2021
Noah Burks,OLB,Senior,"Carmel, Ind.",2021
Grover Bortolotti,RB,Freshman,"Whitefish Bay, Wis.",2021
John Chenal,FB,Senior,"Grantsburg, Wis.",2021
Garrison Solliday,ILB,Freshman,"Eagan, Minn.",2021
Ayo Adebogun,OLB,Freshman,"Mequon, Wis.",2021
Peter Bowden,LS,Sophomore,"San Diego, Calif.",2021
Jack Pugh,TE,Freshman,"Columbus, Ohio",2021
Owen Arnett,S,Freshman,"Delafield, Wis.",2021
Cole Dakovich,TE,Redshirt Freshman,"Waukesha, Wis.",2021
Cam Large,TE,Redshirt Freshman,"Pomfret, Conn.",2021
Logan Brown,OL,Sophomore,"Grand Rapids, Mich.",2021
Bryan Sanborn,ILB,Freshman,"Deer Park, Ill.",2021
Kaden Johnson,OLB,Redshirt Freshman,"St. Paul, Minn",2021
Jordan Turner,ILB,Redshirt Freshman,"Farmington, Mich.",2021
Maema Njongmeta,ILB,Sophomore,"Buffalo Grove, Ill.",2021
Rodas Johnson,DE,Sophomore,"Columbus, Ohio",2021
Jack Sanborn,ILB,Senior,"Deer Park, Ill.",2021
Mike Maskalunas,ILB,Senior,"Long Grove, Ill.",2021
Aaron Witt,OLB,Sophomore,"Winona, Minn.",2021
Logan Bruss,OL,Senior,"Kimberly, Wis.",2021
Dylan Barrett,OL,Redshirt Freshman,"St. Charles, Ill.",2021
Cormac Sampson,OL,Junior,"Eau Claire, Wis.",2021
Tanor Bortolini,OL,Redshirt Freshman,"Kewaunee, Wis.",2021
Duncan McKinley,LS,Freshman,"Eau Claire, Wis.",2021
Sean Timmis,OL,Redshirt Freshman,"Shorewood, Wis.",2021
Tyler Beach,OL,Senior,"Grafton, Wis.",2021
Nolan Rucci,OL,Freshman,"Lititz, Pa.",2021
JP Benzschawel,OL,Freshman,"Grafton, Wis.",2021
Ben Barten,OL,Redshirt Freshman,"Stratford, Wis.",2021
Zach Zei,LS,Freshman,"Arlington Heights, Ill.",2021
Josh Seltzner,OL,Senior,"Columbus, Wis.",2021
Riley Mahlman,OL,Freshman,"Lakeville, Minn.",2021
Kerry Kodanko,OL,Redshirt Freshman,"Green Bay, Wis.",2021
Michael Furtney,OL,Junior,"Milan, Mich.",2021
Michael Balistreri,DE,Senior,"Grafton, Wis.",2021
Joe Tippmann,OL,Sophomore,"Fort Wayne, Ind.",2021
Tommy Brunner,DE,Sophomore,"Milwaukee, Wis.",2021
Blake Smithback,OL,Senior,"Waunakee, Wis.",2021
Trey Wedig,OL,Redshirt Freshman,"Oconomowoc, Wis.",2021
Jack Nelson,OL,Redshirt Freshman,"Stoughton, Wis.",2021
Jaylan Franklin,TE,Junior,"Brownstown, Mich.",2021
Jack Eschenbach,TE,Junior,"Downers Grove, Ill.",2021
Jake Ferguson,TE,Senior,"Madison, Wis.",2021
Clay Cundiff,TE,Sophomore,"Wichita, Kan.",2021
Hayden Rucci,TE,Sophomore,"Lititz, Pa.",2021
A.J. Abbott,WR,Junior,"Northville, Mich.",2021
James Thompson Jr.,DE,Redshirt Freshman,"Cincinnati, Ohio",2021
Bryson Williams,NT,Senior,"Lincoln, Neb.",2021
Matt Henningsen,DE,Senior,"Menomonee Falls, Wis.",2021
Isaac Townsend,DE,Sophomore,"Arvada, Colo.",2021
Gio Paez,DE,Sophomore,"Los Angeles, Calif.",2021
Keeanu Benton,NT,Junior,"Janesville, Wis.",2021
Cade McDonald,DE,Redshirt Freshman,"Houlton, Wis.",2021
Conor Schlichting,P,Senior,"Madison, Wis.",2021
Mike Jarvis,DE,Freshman,"Medford, N.J.",2021
C.J. Goetz,OLB,Junior,"Muskego, Wis.",2021
Isaiah Mullens,DE,Junior,"Columbus, Ohio",2021
Braelon Allen,RB,Sophomore,"Fond du Lac, Wis.",2022
Chez Mellusi,RB,Senior,"Naples, Fla.",2022
Jay Shaw,CB,Senior,"Corona, Calif.",2022
Ricardo Hallman,CB,Redshirt Freshman,"Miami, Fla.",2022
Chase Wolf,QB,Senior,"Cincinnati, Ohio",2022
T.J. Bollers,OLB,Redshirt Freshman,"Tiffin, Iowa",2022
Keontez Lewis,WR,Sophomore,"East St. Louis, Ill.",2022
A'Khoury Lyde,CB,Freshman,"Paterson, N.J.",2022
Cedrick Dort Jr.,CB,Senior,"Palm Beach Gardens, Fla.",2022
Graham Mertz,QB,Junior,"Overland Park, Kan.",2022
Dean Engram,WR,Junior,"Columbia, Md.",2022
Spencer Lytle,ILB,Junior,"Redondo Beach, Calif.",2022
Avyonne Jones,CB,Freshman,"Southlake, Texas",2022
Austin Brown,S,Freshman,"Johnston City, Ill.",2022
Skyler Bell,WR,Redshirt Freshman,"Bronx, N.Y.",2022
Alexander Smith,CB,Senior,"Culver City, Calif.",2022
Marshall Howe,QB,Freshman,"Pacific Palisades, Calif.",2022
Max Lofy,CB,Sophomore,"Colorado Springs, Colo.",2022
Chimere Dike,WR,Junior,"Waukesha, Wis.",2022
Kamo'i Latu,S,Junior,"Honolulu, Hawaii",2022
Preston Zachman,S,Sophomore,"Elysburg, Pa.",2022
Tommy McIntosh,WR,Freshman,"DeWitt, Mich.",2022
John Torchio,S,Senior,"Lafayette, Calif.",2022
Myles Burkett,QB,Freshman,"Franklin, Wis.",2022
Cade Yacamelli,S,Freshman,"Trafford, Pa.",2022
Darryl Peterson,OLB,Redshirt Freshman,"Akron, Ohio",2022
Owen Arnett,S,Redshirt Freshman,"Delafield, Wis.",2022
Nick Herbig,OLB,Junior,"Kauai, Hawaii",2022
Isaac Guerendo,RB,Senior,"Clayton, Ind.",2022
Semar Melvin,CB,Junior,"Pembroke Pines, Fla.",2022
Justin Clark,CB,Senior,"Pontiac, Mich.",2022
Cam Fane,WR,Freshman,"Arlington, Texas",2022
Jack Van Dyke,K,Junior,"Neenah, Wis.",2022
Cole Toennies,WR,Freshman,"Middleton, Wis.",2022
Hunter Wohler,S,Sophomore,"Muskego, Wis.",2022
Jake Ratzlaff,ILB,Redshirt Freshman,"Rosemount, Minn.",2022
Travian Blaylock,S,Senior,"Humble, Texas",2022
Grady O'Neill,WR,Freshman,"Prior Lake, Minn.",2022
Haakon Anderson,WR,Sophomore,"Verona, Wis.",2022
Mike Gregoire,WR,Senior,"Green Bay, Wis.",2022
Gavin Meyers,P,Sophomore,"Oshkosh, Wis.",2022
Brady Schipper,RB,Senior,"Stoughton, Wis.",2022
Nate Van Zelst,K,Redshirt Freshman,"Glenview, Ill.",2022
Al Ashford III,CB,Redshirt Freshman,"Denver, Colo.",2022
Alex Moeller,WR,Redshirt Freshman,"Arlington Heights, Ill.",2022
Jordan DiBenedetto,WR,Senior,"Stoughton, Wis.",2022
Amaun Williams,CB,Sophomore,"Milwaukee, Wis.",2022
Julius Davis,RB,Junior,"Menomonee Falls, Wis.",2022
Marty Strey,OLB,Senior,"Sun Prairie, Wis.",2022
Jackson Acker,RB,Redshirt Freshman,"Madison, Wis.",2022
Charlie Jarvis,S,Freshman,"Hartland, Wis.",2022
Jake Chaney,ILB,Sophomore,"Cape Coral, Fla.",2022
Bryce Carey,S,Junior,"Middleton, Wis.",2022
Riley Nowakowski,FB,Sophomore,"Milwaukee, Wis.",2022
Lee Hutton,CB,Freshman,"Minnetonka, Minn.",2022
Andy Vujnovich,P,Senior,"Columbus, Wis.",2022
Tatum Grass,ILB,Junior,"Holmen, Wis.",2022
JT Seagreaves,TE,Freshman,"Monroe, Wis.",2022
Titus Toler,S,Redshirt Junior,"Long Beach, Calif.",2022
Grover Bortolotti,RB,Redshirt Freshman,"Whitefish Bay, Wis.",2022
Jackson Trudgeon,S,Freshman,"Fitchburg, Wis.",2022
Zach Gloudeman,FB,Freshman,"Spring Green, Wis.",2022
Garrison Solliday,ILB,Redshirt Freshman,"Eagan, Minn.",2022
Deven Magli,S,Freshman,"DeForest, Wis.",2022
Peter Bowden,LS,Junior,"San Diego, Calif.",2022
Cole Dakovich,TE,Sophomore,"Waukesha, Wis.",2022
Cam Large,TE,Sophomore,"Pomfret, Conn.",2022
Aidan Vaughan,ILB,Freshman,"Wixom, Mich.",2022
Bryan Sanborn,ILB,Redshirt Freshman,"Deer Park, Ill.",2022
Kaden Johnson,OLB,Sophomore,"St. Paul, Minn",2022
Ross Gengler,OLB,Sophomore,"Delavan, Wis.",2022
Jordan Turner,ILB,Sophomore,"Farmington, Mich.",2022
Maema Njongmeta,ILB,Junior,"Buffalo Grove, Ill.",2022
Joe Brunner,OL,Freshman,"Whitefish Bay, Wis.",2022
Rodas Johnson,DE,Junior,"Columbus, Ohio",2022
Luna Larson,ILB,Freshman,"Baraboo, Wis.",2022
Gabe Kirschke,DL,Freshman,"Lone Tree, Colo.",2022
Aaron Witt,OLB,Sophomore,"Winona, Minn.",2022
Dylan Barrett,OL,Sophomore,"St. Charles, Ill.",2022
Tanor Bortolini,OL,Sophomore,"Kewaunee, Wis.",2022
Duncan McKinley,LS,Sophomore,"Eau Claire, Wis.",2022
Sean Timmis,OL,Sophomore,"Shorewood, Wis.",2022
Tyler Beach,OL,Senior,"Grafton, Wis.",2022
Nolan Rucci,OL,Redshirt Freshman,"Lititz, Pa.",2022
JP Benzschawel,OL,Redshirt Freshman,"Grafton, Wis.",2022
Ben Barten,DE,Sophomore,"Stratford, Wis.",2022
Zach Zei,LS,Redshirt Freshman,"Arlington Heights, Ill.",2022
Barrett Nelson,OL,Freshman,"Stoughton, Wis.",2022
Riley Mahlman,OL,Redshirt Freshman,"Lakeville, Minn.",2022
Kerry Kodanko,OL,Sophomore,"Green Bay, Wis.",2022
Michael Furtney,OL,Senior,"Milan, Mich.",2022
Joe Tippmann,OL,Junior,"Fort Wayne, Ind.",2022
Tommy Brunner,DE,Junior,"Milwaukee, Wis.",2022
John  Clifford,OL,Freshman,"Watertown, Wis.",2022
Drew Evans,OL,Freshman,"Fort Atkinson, Wis.",2022
Trey Wedig,OL,Sophomore,"Oconomowoc, Wis.",2022
Jack Nelson,OL,Sophomore,"Stoughton, Wis.",2022
Jaylan Franklin,TE,Senior,"Brownstown, Mich.",2022
Jack Eschenbach,TE,Senior,"Downers Grove, Ill.",2022
Chris Brooks Jr.,WR,Freshman,"St. Louis, Mo.",2022
Clay Cundiff,TE,Junior,"Wichita, Kan.",2022
Vinny Anthony II,WR,Freshman,"Louisville, Ky.",2022
Hayden Rucci,TE,Junior,"Lititz, Pa.",2022
Jack Pugh,TE,Redshirt Freshman,"Columbus, Ohio",2022
James Thompson Jr.,DE,Sophomore,"Cincinnati, Ohio",2022
Vito Calvaruso,K,Junior,"Jefferson City, Mo.",2022
Tristan Monday,DL,Freshman,"Scottsdale, Ariz",2022
Curt Neal,NT,Freshman,"Cornelius, N.C.",2022
Isaac Townsend,DE,Junior,"Arvada, Colo.",2022
Gio Paez,DE,Junior,"Los Angeles, Calif.",2022
Keeanu Benton,NT,Senior,"Janesville, Wis.",2022
Cade McDonald,DE,Sophomore,"Houlton, Wis.",2022
Mike Jarvis,DE,Redshirt Freshman,"Medford, N.J.",2022
Gavin Lahm,K,Freshman,"Kaukauna, Wis.",2022
C.J. Goetz,OLB,Senior,"Muskego, Wis.",2022
Isaiah Mullens,DE,Senior,"Columbus, Ohio",2022
Braelon Allen,RB,Junior,"Fond du Lac, Wis.",2023
Chez Mellusi,RB,Graduate Student,"Naples, Fla.",2023
Ricardo Hallman,CB,Redshirt Sophomore,"Miami, Fla.",2023
T.J. Bollers,OLB,Redshirt Sophomore,"Tiffin, Iowa",2023
C.J. Williams,WR,Sophomore,"Mission Viejo, Calif.",2023
Quincy Burroughs,WR,Redshirt Freshman,"Jacksonville, Fla.",2023
Will Pauling,WR,Redshirt Sophomore,"Chicago, Ill.",2023
Nick Evers,QB,Redshirt Freshman,"Flower Mound, Texas",2023
Michael Mack,CB,Junior,"Glenn Dale, Md.",2023
Tanner Mordecai,QB,Redshirt Senior,"Waco, Texas",2023
Austin Brown,S,Sophomore,"Johnston City, Ill.",2023
Bryson Green,WR,Junior,"Allen, Texas",2023
Nyzier Fourqurean,CB,Junior,"Mentor, Ohio",2023
Skyler Bell,WR,Redshirt Sophomore,"Bronx, N.Y.",2023
Alexander Smith,CB,Graduate Student,"Culver City, Calif.",2023
Trech Kekahuna,WR,Freshman,"Honolulu, Hawaii",2023
Max Lofy,CB,Redshirt Junior,"Colorado Springs, Colo.",2023
Chimere Dike,WR,Senior,"Waukesha, Wis.",2023
Kamo'i Latu,S,Senior,"Honolulu, Hawaii",2023
Preston Zachman,S,Redshirt Sophomore,"Elysburg, Pa.",2023
Tommy McIntosh,WR,Redshirt Freshman,"DeWitt, Mich.",2023
Myles Burkett,QB,Redshirt Freshman,"Franklin, Wis.",2023
Amare Snowden,CB,Freshman,"Roseville, Mich.",2023
Cole LaCrue,QB,Freshman,"Broomfield, Colo.",2023
Darryl Peterson,OLB,Redshirt Sophomore,"Akron, Ohio",2023
Owen Arnett,S,Redshirt Sophomore,"Delafield, Wis.",2023
Braedyn Locke,QB,Redshirt Freshman,"Rockwall, Texas",2023
Darian Varner,DE,Redshirt Junior,"Norfolk, Va.",2023
Braedyn Moore,S,Freshman,"Hamilton, Ohio",2023
Nate White,RB,Freshman,"Milwaukee, Wis.",2023
Jonas Duclona,CB,Freshman,"Naples, Fla.",2023
Cam Fane,WR,Redshirt Freshman,"Arlington, Texas",2023
Jace Arnold,CB,Freshman,"Marietta, Ga.",2023
Jack Van Dyke,P/K,Senior,"Neenah, Wis.",2023
Jason Maitre,CB,Redshirt Senior,"Everett, Mass.",2023
Davion Thomas-Kumpula,WR,Freshman,"Racine, Wis.",2023
Hunter Wohler,S,Junior,"Muskego, Wis.",2023
Justin Taylor,S,Freshman,"Broadview, Ill.",2023
Cade Yacamelli,RB,Redshirt Freshman,"Trafford, Pa.",2023
Travian Blaylock,S,Graduate Student,"Humble, Texas",2023
Grady O'Neill,WR,Redshirt Freshman,"Prior Lake, Minn.",2023
Haakon Anderson,WR,Redshirt Junior,"Verona, Wis.",2023
Tyler Jansey,ILB,Freshman,"Batavia, Ill.",2023
Christian Alliegro,LB,Freshman,"Darien, Conn.",2023
Gavin Meyers,P,Redshirt Junior,"Oshkosh, Wis.",2023
A.J. Tisdell,CB,Freshman,"College Station, Texas",2023
Nate Van Zelst,K,Redshirt Sophomore,"Glenview, Ill.",2023
Alex Moeller,WR,Redshirt Sophomore,"Arlington Heights, Ill.",2023
Marty Strey,OLB,Graduate Student,"Sun Prairie, Wis.",2023
Jackson Acker,RB,Redshirt Sophomore,"Madison, Wis.",2023
Charlie Jarvis,S,Redshirt Freshman,"Hartland, Wis.",2023
Jake Chaney,ILB,Junior,"Cape Coral, Fla.",2023
Bryce Carey,S,Redshirt Junior,"Middleton, Wis.",2023
Riley Nowakowski,TE,Redshirt Junior,"Milwaukee, Wis.",2023
Tucker Ashcraft,TE,Freshman,"Seattle, Wash.",2023
Tatum Grass,ILB,Redshirt Senior,"Holmen, Wis.",2023
JT Seagreaves,TE,Redshirt Freshman,"Monroe, Wis.",2023
Grover Bortolotti,RB,Redshirt Sophomore,"Whitefish Bay, Wis.",2023
Jackson Trudgeon,S,Redshirt Freshman,"Fitchburg, Wis.",2023
Zach Gloudeman,RB,Redshirt Freshman,"Spring Green, Wis.",2023
Jeff Pietrowski Jr.,OLB,Redshirt Junior,"Medina, Ohio",2023
Garrison Solliday,ILB,Redshirt Sophomore,"Eagan, Minn.",2023
Deven Magli,S,Redshirt Freshman,"DeForest, Wis.",2023
Peter Bowden,LS,Redshirt Senior,"San Diego, Calif.",2023
Evan Van Dyn Hoven,LB,Freshman,"Menasha, Wis.",2023
Cole Dakovich,TE,Redshirt Junior,"Waukesha, Wis.",2023
Atticus Bertrams,P,Freshman,"Sydney, Australia",2023
Cam Large,TE,Redshirt Senior,"Pomfret, Conn.",2023
Aidan Vaughan,ILB,Redshirt Freshman,"Wixom, Mich.",2023
Bryan Sanborn,ILB,Redshirt Sophomore,"Deer Park, Ill.",2023
Kaden Johnson,OLB,Redshirt Junior,"St. Paul, Minn",2023
Ross Gengler,OLB,Redshirt Junior,"Delavan, Wis.",2023
Jordan Turner,ILB,Redshirt Junior,"Farmington, Mich.",2023
Maema Njongmeta,ILB,Redshirt Senior,"Buffalo Grove, Ill.",2023
Joe Brunner,OL,Redshirt Freshman,"Whitefish Bay, Wis.",2023
Rodas Johnson,DE,Redshirt Senior,"Columbus, Ohio",2023
Jake Renfro,OL,Redshirt Junior,"Mokena, Ill.",2023
Gabe Kirschke,DL,Redshirt Freshman,"Lone Tree, Colo.",2023
Aaron Witt,OLB,Redshirt Junior,"Winona, Minn.",2023
Keane Bessert,LS,Freshman,"Fruita, Colo.",2023
Joe Huber,OL,Redshirt Junior,"Dublin, Ohio",2023
Dylan Barrett,OL,Redshirt Junior,"St. Charles, Ill.",2023
Max Rader,OL,Redshirt Freshman,"De Pere, Wis.",2023
Tanor Bortolini,OL,Redshirt Junior,"Kewaunee, Wis.",2023
Duncan McKinley,LS,Redshirt Junior,"Eau Claire, Wis.",2023
Sean Timmis,OL,Redshirt Sophomore,"Shorewood, Wis.",2023
James Durand,OL,Freshman,"Gilbert, Ariz.",2023
Nolan Rucci,OL,Redshirt Sophomore,"Lititz, Pa.",2023
JP Benzschawel,OL,Redshirt Sophomore,"Grafton, Wis.",2023
Ben Barten,DE,Redshirt Junior,"Stratford, Wis.",2023
Zach Zei,LS,Redshirt Sophomore,"Arlington Heights, Ill.",2023
Barrett Nelson,OL,Redshirt Freshman,"Stoughton, Wis.",2023
Riley Mahlman,OL,Redshirt Sophomore,"Lakeville, Minn.",2023
Kerry Kodanko,OL,Junior,"Green Bay, Wis.",2023
Michael Furtney,OL,Graduate Student,"Milan, Mich.",2023
Zack Mlsna,OL,Freshman,"Cashton, Wis.",2023
Tommy Brunner,DE,Redshirt Senior,"Milwaukee, Wis.",2023
John  Clifford,OL,Redshirt Freshman,"Watertown, Wis.",2023
Peyton Lange,OL,Freshman,"Minneapolis, Minn.",2023
Will McDonald,DL,Freshman,"Houlton, Wis.",2023
Trey Wedig,OL,Redshirt Junior,"Oconomowoc, Wis.",2023
Jack Nelson,OL,Redshirt Junior,"Stoughton, Wis.",2023
Angel Toombs,TE,Freshman,"Milwaukee, Wis.",2023
Michael  Cerniglia Jr.,TE,Redshirt Junior,"Madison, Wis.",2023
Chris Brooks Jr.,WR,Redshirt Freshman,"St. Louis, Mo.",2023
Manny Mullens,DE,Sophomore,"Columbus, Ohio",2023
Nolan Vils,DL,Freshman,"Prairie Du Sac, Wis.",2023
Vinny Anthony II,WR,Sophomore,"Louisville, Ky.",2023
Hayden Rucci,TE,Redshirt Senior,"Lititz, Pa.",2023
Jack Pugh,TE,Redshirt Sophomore,"Columbus, Ohio",2023
James Thompson Jr.,DE,Redshirt Junior,"Cincinnati, Ohio",2023
Nathanial Vakos,K,Sophomore,"Avon, Ohio",2023
Jamel Howard,DL,Freshman,"Chicago, Ill.",2023
Curt Neal,NT,Redshirt Freshman,"Cornelius, N.C.",2023
Isaac Townsend,DE,Redshirt Senior,"Arvada, Colo.",2023
Gio Paez,DE,Redshirt Senior,"Los Angeles, Calif.",2023
Jordan Mayer,OLB,Freshman,"Jefferson Hills, Pa.",2023
Cade McDonald,DE,Redshirt Junior,"Houlton, Wis.",2023
Mike Jarvis,DE,Redshirt Sophomore,"Medford, N.J.",2023
Gavin Lahm,K,Sophomore,"Kaukauna, Wis.",2023
C.J. Goetz,OLB,Graduate Student,"Muskego, Wis.",2023
Isaiah Mullens,DE,Graduate Student,"Columbus, Ohio",2023
